Album,Folder,Source,Output,Texture,Original Photo,Timestamp
Monomial,monomial,..\Image_Output\DSC_8107.jpg,source\images\albums\monomial\0001_DSC_8107.webp,,DSC_8107,00:00.000
Yardstick Metric,yardstick-metric,..\Image_Output\DSC_8501.jpg,source\images\albums\yardstick-metric\0002_DSC_8501.webp,,DSC_8501,00:00.117
Monomial,monomial,..\Image_Output\IMG_9322.jpg,source\images\albums\monomial\0003_IMG_9322.webp,,IMG_9322,00:00.233
Intersection,intersection,..\Image_Output\IMG_9676.jpg,source\images\albums\intersection\0004_IMG_9676.webp,,IMG_9676,00:00.350
Jacobi Matrix,jacobi-matrix,..\Image_Output\IMG_9375.jpg,source\images\albums\jacobi-matrix\0005_IMG_9375.webp,,IMG_9375,00:00.467
Mode,mode,..\Image_Output\DSC_8412.jpg,source\images\albums\mode\0006_DSC_8412.webp,,DSC_8412,00:00.583
Monomial,monomial,..\Image_Output\DSC_0191.jpg,source\images\albums\monomial\0007_DSC_0191.webp,,DSC_0191,00:00.700
Yardstick Metric,yardstick-metric,..\Image_Output\IMG_9380.jpg,source\images\albums\yardstick-metric\0008_IMG_9380.webp,,IMG_9380,00:00.817
Jacobi Matrix,jacobi-matrix,..\Image_Output\IMG_8550-已增强-降噪.jpg,source\images\albums\jacobi-matrix\0009_IMG_8550-已增强-降噪.webp,,IMG_8550-已增强-降噪,00:00.933
Magnitude,magnitude,..\Image_Output\DSC_7071.jpg,source\images\albums\magnitude\0010_DSC_7071.webp,,DSC_7071,00:01.050
Intersection,intersection,..\Image_Output\DSC_8570.jpg,source\images\albums\intersection\0011_DSC_8570.webp,,DSC_8570,00:01.167
Monomial,monomial,..\Image_Output\DSC_8561.jpg,source\images\albums\monomial\0012_DSC_8561.webp,,DSC_8561,00:01.283
Monomial,monomial,..\Image_Output\DSC_0950.jpg,source\images\albums\monomial\0015_DSC_0950.webp,,DSC_0950,00:01.633
Monomial,monomial,..\Image_Output\DSC_0930.jpg,source\images\albums\monomial\0016_DSC_0930.webp,,DSC_0930,00:01.750
Yardstick Metric,yardstick-metric,..\Image_Output\DSC_8565.jpg,source\images\albums\yardstick-metric\0017_DSC_8565.webp,,DSC_8565,00:01.867
Yardstick Metric,yardstick-metric,..\Image_Output\DSC_8408.jpg,source\images\albums\yardstick-metric\0018_DSC_8408.webp,,DSC_8408,00:01.983
Jacobi Matrix,jacobi-matrix,..\Image_Output\DSC_8484.jpg,source\images\albums\jacobi-matrix\0019_DSC_8484.webp,,DSC_8484,00:02.100
Mode,mode,..\Image_Output\DSC_1025.jpg,source\images\albums\mode\0020_DSC_1025.webp,,DSC_1025,00:02.217
Mode,mode,..\Image_Output\DSC_0986.jpg,source\images\albums\mode\0021_DSC_0986.webp,,DSC_0986,00:02.333
Jacobi Matrix,jacobi-matrix,..\Image_Output\DSC_0985.jpg,source\images\albums\jacobi-matrix\0023_DSC_0985.webp,,DSC_0985,00:02.567
Yardstick Metric,yardstick-metric,..\Image_Output\DSC_8220-DxO_DeepPRIME XD2s_XD.jpg,source\images\albums\yardstick-metric\0025_DSC_8220-DxO_DeepPRIME XD2s_XD.webp,,DSC_8220-DxO_DeepPRIME XD2s_XD,00:02.800
Jacobi Matrix,jacobi-matrix,..\Image_Output\DSC_0934.jpg,source\images\albums\jacobi-matrix\0026_DSC_0934.webp,,DSC_0934,00:02.917
Intersection,intersection,..\Image_Output\DSC_9394-DxO_DeepPRIME XD2s_XD.jpg,source\images\albums\intersection\0027_DSC_9394-DxO_DeepPRIME XD2s_XD.webp,,DSC_9394-DxO_DeepPRIME XD2s_XD,00:03.033
Intersection,intersection,..\Image_Output\DSC_0851-DxO_DeepPRIME 3_1.jpg,source\images\albums\intersection\0028_DSC_0851-DxO_DeepPRIME 3_1.webp,,DSC_0851-DxO_DeepPRIME 3_1,00:03.150
Monomial,monomial,..\Image_Output\DSC_8143-DxO_DeepPRIME XD2s_XD.jpg,source\images\albums\monomial\0029_DSC_8143-DxO_DeepPRIME XD2s_XD.webp,,DSC_8143-DxO_DeepPRIME XD2s_XD,00:03.267
Yardstick Metric,yardstick-metric,..\Image_Output\DSC_0970.jpg,source\images\albums\yardstick-metric\0030_DSC_0970.webp,,DSC_0970,00:03.383
Magnitude,magnitude,..\Image_Output\DSC_8390.jpg,source\images\albums\magnitude\0031_DSC_8390.webp,,DSC_8390,00:03.500
Monomial,monomial,..\Image_Output\DSC_1067.jpg,source\images\albums\monomial\0032_DSC_1067.webp,,DSC_1067,00:03.617
Jacobi Matrix,jacobi-matrix,..\Image_Output\DSC_8523.jpg,source\images\albums\jacobi-matrix\0033_DSC_8523.webp,,DSC_8523,00:03.733
Monomial,monomial,..\Image_Output\DSC_0122.jpg,source\images\albums\monomial\0034_DSC_0122.webp,,DSC_0122,00:03.850
Intersection,intersection,..\Image_Output\IMG_9293.jpg,source\images\albums\intersection\0036_IMG_9293.webp,,IMG_9293,00:04.083
Monomial,monomial,..\Image_Output\DSC_0123.jpg,source\images\albums\monomial\0037_DSC_0123.webp,,DSC_0123,00:04.200
Monomial,monomial,..\Image_Output\DSC_0281.jpg,source\images\albums\monomial\0039_DSC_0281.webp,,DSC_0281,00:04.433
Monomial,monomial,..\Image_Output\DSC_0270.jpg,source\images\albums\monomial\0040_DSC_0270.webp,,DSC_0270,00:04.550
Yardstick Metric,yardstick-metric,..\Image_Output\IMG_9389.jpg,source\images\albums\yardstick-metric\0041_IMG_9389.webp,,IMG_9389,00:04.667
Intersection,intersection,..\Image_Output\IMG_9438.jpg,source\images\albums\intersection\0042_IMG_9438.webp,,IMG_9438,00:04.783
Monomial,monomial,..\Image_Output\DSC_8502.jpg,source\images\albums\monomial\0044_DSC_8502.webp,,DSC_8502,00:05.017
Jacobi Matrix,jacobi-matrix,..\Image_Output\DSC_0996.jpg,source\images\albums\jacobi-matrix\0045_DSC_0996.webp,,DSC_0996,00:05.133
Monomial,monomial,..\Image_Output\DSC_0260.jpg,source\images\albums\monomial\0046_DSC_0260.webp,,DSC_0260,00:05.250
Mode,mode,..\Image_Output\IMG_8820.jpg,source\images\albums\mode\0049_IMG_8820.webp,,IMG_8820,00:05.600
Jacobi Matrix,jacobi-matrix,..\Image_Output\DSC_7145.jpg,source\images\albums\jacobi-matrix\0050_DSC_7145.webp,,DSC_7145,00:05.717
Monomial,monomial,..\Image_Output\IMG_9209-2.jpg,source\images\albums\monomial\0051_IMG_9209-2.webp,,IMG_9209-2,00:05.833
Monomial,monomial,..\Image_Output\IMG_9310.jpg,source\images\albums\monomial\0052_IMG_9310.webp,,IMG_9310,00:05.950
Jacobi Matrix,jacobi-matrix,..\Image_Output\DSC_8493.jpg,source\images\albums\jacobi-matrix\0053_DSC_8493.webp,,DSC_8493,00:06.067
Intersection,intersection,..\Image_Output\DSC_1013.jpg,source\images\albums\intersection\0054_DSC_1013.webp,,DSC_1013,00:06.183
Jacobi Matrix,jacobi-matrix,..\Image_Output\DSC_0991.jpg,source\images\albums\jacobi-matrix\0055_DSC_0991.webp,,DSC_0991,00:06.300
Yardstick Metric,yardstick-metric,..\Image_Output\DSC_0274.jpg,source\images\albums\yardstick-metric\0056_DSC_0274.webp,,DSC_0274,00:06.417
Yardstick Metric,yardstick-metric,..\Image_Output\DSC_7203.jpg,source\images\albums\yardstick-metric\0059_DSC_7203.webp,,DSC_7203,00:06.767
Mode,mode,..\Image_Output\DSC_0965.jpg,source\images\albums\mode\0060_DSC_0965.webp,,DSC_0965,00:06.883
Intersection,intersection,..\Image_Output\DSC_8210-DxO_DeepPRIME XD2s_XD.jpg,source\images\albums\intersection\0061_DSC_8210-DxO_DeepPRIME XD2s_XD.webp,,DSC_8210-DxO_DeepPRIME XD2s_XD,00:07.000
Intersection,intersection,..\Image_Output\DSC_0251.jpg,source\images\albums\intersection\0062_DSC_0251.webp,,DSC_0251,00:07.117
Jacobi Matrix,jacobi-matrix,..\Image_Output\IMG_9412.jpg,source\images\albums\jacobi-matrix\0063_IMG_9412.webp,,IMG_9412,00:07.233
Intersection,intersection,..\Image_Output\DSC_8850.jpg,source\images\albums\intersection\0064_DSC_8850.webp,,DSC_8850,00:07.350
Yardstick Metric,yardstick-metric,..\Image_Output\DSC_8862.jpg,source\images\albums\yardstick-metric\0065_DSC_8862.webp,,DSC_8862,00:07.467
Monomial,monomial,..\Image_Output\DSC_0310.jpg,source\images\albums\monomial\0067_DSC_0310.webp,,DSC_0310,00:07.700
Monomial,monomial,..\Image_Output\IMG_9300.jpg,source\images\albums\monomial\0068_IMG_9300.webp,,IMG_9300,00:07.817
Jacobi Matrix,jacobi-matrix,..\Image_Output\DSC_0424.jpg,source\images\albums\jacobi-matrix\0069_DSC_0424.webp,,DSC_0424,00:07.933
Monomial,monomial,..\Image_Output\DSC_0311.jpg,source\images\albums\monomial\0070_DSC_0311.webp,,DSC_0311,00:08.050
Intersection,intersection,..\Image_Output\IMG_8547-已增强-降噪.jpg,source\images\albums\intersection\0071_IMG_8547-已增强-降噪.webp,,IMG_8547-已增强-降噪,00:08.167
Intersection,intersection,..\Image_Output\DSC_8959.jpg,source\images\albums\intersection\0072_DSC_8959.webp,,DSC_8959,00:08.283
Yardstick Metric,yardstick-metric,..\Image_Output\IMG_9290.jpg,source\images\albums\yardstick-metric\0073_IMG_9290.webp,,IMG_9290,00:08.400
Jacobi Matrix,jacobi-matrix,..\Image_Output\DSC_0185.jpg,source\images\albums\jacobi-matrix\0074_DSC_0185.webp,,DSC_0185,00:08.517
Magnitude,magnitude,..\Image_Output\DSC_8317.tif,source\images\albums\magnitude\0076_DSC_8317.webp,,DSC_8317,00:08.750
Monomial,monomial,..\Image_Output\DSC_0313.jpg,source\images\albums\monomial\0077_DSC_0313.webp,,DSC_0313,00:08.867
Intersection,intersection,..\Image_Output\DSC_0291.jpg,source\images\albums\intersection\0079_DSC_0291.webp,,DSC_0291,00:09.100
Monomial,monomial,..\Image_Output\DSC_1002.jpg,source\images\albums\monomial\0080_DSC_1002.webp,,DSC_1002,00:09.217
Intersection,intersection,..\Image_Output\DSC_0452.jpg,source\images\albums\intersection\0081_DSC_0452.webp,,DSC_0452,00:09.333
Yardstick Metric,yardstick-metric,..\Image_Output\DSC_0459.jpg,source\images\albums\yardstick-metric\0082_DSC_0459.webp,,DSC_0459,00:09.450
Monomial,monomial,..\Image_Output\DSC_8853-DxO_DeepPRIME XD2s_XD.jpg,source\images\albums\monomial\0083_DSC_8853-DxO_DeepPRIME XD2s_XD.webp,,DSC_8853-DxO_DeepPRIME XD2s_XD,00:09.567
Magnitude,magnitude,..\Image_Output\DSC_8355.tif,source\images\albums\magnitude\0084_DSC_8355.webp,,DSC_8355,00:09.683
Yardstick Metric,yardstick-metric,..\Image_Output\DSC_8367.jpg,source\images\albums\yardstick-metric\0085_DSC_8367.webp,,DSC_8367,00:09.800
Mode,mode,..\Image_Output\DSC_8936.jpg,source\images\albums\mode\0086_DSC_8936.webp,,DSC_8936,00:09.917
Monomial,monomial,..\Image_Output\DSC_8924.jpg,source\images\albums\monomial\0087_DSC_8924.webp,,DSC_8924,00:10.033
Monomial,monomial,..\Image_Output\DSC_8878.jpg,source\images\albums\monomial\0088_DSC_8878.webp,,DSC_8878,00:10.150
Mode,mode,..\Image_Output\DSC_8886.jpg,source\images\albums\mode\0089_DSC_8886.webp,,DSC_8886,00:10.267
Mode,mode,..\Image_Output\IMG_8905.jpg,source\images\albums\mode\0092_IMG_8905.webp,,IMG_8905,00:10.617
Magnitude,magnitude,..\Image_Output\DSC_0338-DxO_DeepPRIME 3.jpg,source\images\albums\magnitude\0093_DSC_0338-DxO_DeepPRIME 3.webp,,DSC_0338-DxO_DeepPRIME 3,00:10.733
Monomial,monomial,..\Image_Output\DSC_8949.jpg,source\images\albums\monomial\0095_DSC_8949.webp,,DSC_8949,00:10.967
Intersection,intersection,..\Image_Output\DSC_8951.jpg,source\images\albums\intersection\0096_DSC_8951.webp,,DSC_8951,00:11.083
Monomial,monomial,..\Image_Output\DSC_8856.jpg,source\images\albums\monomial\0097_DSC_8856.webp,,DSC_8856,00:11.200
Monomial,monomial,..\Image_Output\DSC_8902.jpg,source\images\albums\monomial\0098_DSC_8902.webp,,DSC_8902,00:11.317
Monomial,monomial,..\Image_Output\DSC_8976.jpg,source\images\albums\monomial\0100_DSC_8976.webp,,DSC_8976,00:11.550
Magnitude,magnitude,..\Image_Output\DSC_0373-DxO_DeepPRIME 3.jpg,source\images\albums\magnitude\0103_DSC_0373-DxO_DeepPRIME 3.webp,,DSC_0373-DxO_DeepPRIME 3,00:11.900
Jacobi Matrix,jacobi-matrix,..\Image_Output\DSC_8508.jpg,source\images\albums\jacobi-matrix\0105_DSC_8508.webp,,DSC_8508,00:12.133
Monomial,monomial,..\Image_Output\DSC_8874.jpg,source\images\albums\monomial\0106_DSC_8874.webp,,DSC_8874,00:12.250
Mode,mode,..\Image_Output\DSC_8968.jpg,source\images\albums\mode\0107_DSC_8968.webp,,DSC_8968,00:12.367
Monomial,monomial,..\Image_Output\DSC_8977.jpg,source\images\albums\monomial\0108_DSC_8977.webp,,DSC_8977,00:12.483
Magnitude,magnitude,..\Image_Output\DSC_8890.jpg,source\images\albums\magnitude\0109_DSC_8890.webp,,DSC_8890,00:12.600
Monomial,monomial,..\Image_Output\DSC_1184.jpg,source\images\albums\monomial\0111_DSC_1184.webp,,DSC_1184,00:12.833
Magnitude,magnitude,..\Image_Output\Output.jpg,source\images\albums\magnitude\0112_Output.webp,,Output,00:12.950
Monomial,monomial,..\Image_Output\IMG_8564-已增强-降噪.jpg,source\images\albums\monomial\0113_IMG_8564-已增强-降噪.webp,,IMG_8564-已增强-降噪,00:13.067
Monomial,monomial,..\Image_Output\DSC_8917.jpg,source\images\albums\monomial\0114_DSC_8917.webp,,DSC_8917,00:13.183
Monomial,monomial,..\Image_Output\DSC_8942.jpg,source\images\albums\monomial\0116_DSC_8942.webp,,DSC_8942,00:13.417
Intersection,intersection,..\Image_Output\DSC_0964.jpg,source\images\albums\intersection\0117_DSC_0964.webp,,DSC_0964,00:13.533
Magnitude,magnitude,..\Image_Output\DSC_0377-DxO_DeepPRIME 3.jpg,source\images\albums\magnitude\0120_DSC_0377-DxO_DeepPRIME 3.webp,,DSC_0377-DxO_DeepPRIME 3,00:13.883
Intersection,intersection,..\Image_Output\DSC_1074.jpg,source\images\albums\intersection\0125_DSC_1074.webp,,DSC_1074,00:14.467
Magnitude,magnitude,..\Image_Output\DSC_0725.jpg,source\images\albums\magnitude\0126_DSC_0725.webp,,DSC_0725,00:14.583
Mode,mode,..\Image_Output\IMG_8544-已增强-降噪.jpg,source\images\albums\mode\0129_IMG_8544-已增强-降噪.webp,,IMG_8544-已增强-降噪,00:14.933
Magnitude,magnitude,..\Image_Output\DSC_0350-DxO_DeepPRIME 3.jpg,source\images\albums\magnitude\0130_DSC_0350-DxO_DeepPRIME 3.webp,,DSC_0350-DxO_DeepPRIME 3,00:15.050
Magnitude,magnitude,..\Image_Output\DSC_0368-DxO_DeepPRIME 3.jpg,source\images\albums\magnitude\0131_DSC_0368-DxO_DeepPRIME 3.webp,,DSC_0368-DxO_DeepPRIME 3,00:15.167
Magnitude,magnitude,..\Image_Output\DSC_0263.jpg,source\images\albums\magnitude\0133_DSC_0263.webp,,DSC_0263,00:15.400
Jacobi Matrix,jacobi-matrix,..\Image_Output\DSC_7219.jpg,source\images\albums\jacobi-matrix\0134_DSC_7219.webp,,DSC_7219,00:15.517
Mode,mode,..\Image_Output\DSC_0219.jpg,source\images\albums\mode\0136_DSC_0219.webp,,DSC_0219,00:15.750
Monomial,monomial,..\Image_Output\DSC_9863-DxO_DeepPRIME XD2s_XD.jpg,source\images\albums\monomial\0137_DSC_9863-DxO_DeepPRIME XD2s_XD.webp,,DSC_9863-DxO_DeepPRIME XD2s_XD,00:15.867
Jacobi Matrix,jacobi-matrix,..\Image_Output\DSC_0419.jpg,source\images\albums\jacobi-matrix\0138_DSC_0419.webp,,DSC_0419,00:15.983
Intersection,intersection,..\Image_Output\IMG_9297.jpg,source\images\albums\intersection\0141_IMG_9297.webp,,IMG_9297,00:16.333
Monomial,monomial,..\Image_Output\DSC_9802-DxO_DeepPRIME 3.jpg,source\images\albums\monomial\0142_DSC_9802-DxO_DeepPRIME 3.webp,,DSC_9802-DxO_DeepPRIME 3,00:16.450
Monomial,monomial,..\Image_Output\DSC_0978.jpg,source\images\albums\monomial\0143_DSC_0978.webp,,DSC_0978,00:16.567
Intersection,intersection,..\Image_Output\IMG_8878.jpg,source\images\albums\intersection\0144_IMG_8878.webp,,IMG_8878,00:16.683
Intersection,intersection,..\Image_Output\DSC_9446-DxO_DeepPRIME 3.jpg,source\images\albums\intersection\0145_DSC_9446-DxO_DeepPRIME 3.webp,,DSC_9446-DxO_DeepPRIME 3,00:16.800
Yardstick Metric,yardstick-metric,..\Image_Output\IMG_9355.jpg,source\images\albums\yardstick-metric\0147_IMG_9355.webp,,IMG_9355,00:17.033
Yardstick Metric,yardstick-metric,..\Image_Output\DSC_8097-DxO_DeepPRIME XD2s_XD.jpg,source\images\albums\yardstick-metric\0148_DSC_8097-DxO_DeepPRIME XD2s_XD.webp,,DSC_8097-DxO_DeepPRIME XD2s_XD,00:17.150
Monomial,monomial,..\Image_Output\DSC_0264.jpg,source\images\albums\monomial\0149_DSC_0264.webp,,DSC_0264,00:17.267
Monomial,monomial,..\Image_Output\DSC_0193.jpg,source\images\albums\monomial\0152_DSC_0193.webp,,DSC_0193,00:17.617
Intersection,intersection,..\Image_Output\DSC_0142.jpg,source\images\albums\intersection\0153_DSC_0142.webp,,DSC_0142,00:17.733
Yardstick Metric,yardstick-metric,..\Image_Output\DSC_8116-DxO_DeepPRIME XD2s_XD.jpg,source\images\albums\yardstick-metric\0156_DSC_8116-DxO_DeepPRIME XD2s_XD.webp,,DSC_8116-DxO_DeepPRIME XD2s_XD,00:18.083
Monomial,monomial,..\Image_Output\IMG_9309.jpg,source\images\albums\monomial\0157_IMG_9309.webp,,IMG_9309,00:18.200
Monomial,monomial,..\Image_Output\IMG_9215.jpg,source\images\albums\monomial\0158_IMG_9215.webp,,IMG_9215,00:18.317
Jacobi Matrix,jacobi-matrix,..\Image_Output\DSC_0139.jpg,source\images\albums\jacobi-matrix\0160_DSC_0139.webp,,DSC_0139,00:18.550
Yardstick Metric,yardstick-metric,..\Image_Output\IMG_9287.jpg,source\images\albums\yardstick-metric\0162_IMG_9287.webp,,IMG_9287,00:18.783
Jacobi Matrix,jacobi-matrix,..\Image_Output\DSC_0420.jpg,source\images\albums\jacobi-matrix\0167_DSC_0420.webp,,DSC_0420,00:19.367
Monomial,monomial,..\Image_Output\DSC_8402.jpg,source\images\albums\monomial\0168_DSC_8402.webp,,DSC_8402,00:19.483
Yardstick Metric,yardstick-metric,..\Image_Output\IMG_8925.jpg,source\images\albums\yardstick-metric\0169_IMG_8925.webp,,IMG_8925,00:19.600
Intersection,intersection,..\Image_Output\IMG_9331.jpg,source\images\albums\intersection\0170_IMG_9331.webp,,IMG_9331,00:19.717
Yardstick Metric,yardstick-metric,..\Image_Output\IMG_9384.jpg,source\images\albums\yardstick-metric\0172_IMG_9384.webp,,IMG_9384,00:19.950
Magnitude,magnitude,..\Image_Output\IMG_9385.jpg,source\images\albums\magnitude\0174_IMG_9385.webp,,IMG_9385,00:20.183
Intersection,intersection,..\Image_Output\IMG_9377.jpg,source\images\albums\intersection\0176_IMG_9377.webp,,IMG_9377,00:20.417
Yardstick Metric,yardstick-metric,..\Image_Output\DSC_9423.jpg,source\images\albums\yardstick-metric\0182_DSC_9423.webp,,DSC_9423,00:21.117
Intersection,intersection,..\Image_Output\DSC_0457.jpg,source\images\albums\intersection\0183_DSC_0457.webp,,DSC_0457,00:21.233
Monomial,monomial,..\Image_Output\DSC_0710.jpg,source\images\albums\monomial\0187_DSC_0710.webp,,DSC_0710,00:21.700
Monomial,monomial,..\Image_Output\star_finished.jpg,source\images\albums\monomial\0188_star_finished.webp,,star_finished,00:21.817
Monomial,monomial,..\Image_Output\DSC_8873.jpg,source\images\albums\monomial\0191_DSC_8873.webp,,DSC_8873,00:22.167
Monomial,monomial,..\Image_Output\IMG_8894.jpg,source\images\albums\monomial\0192_IMG_8894.webp,,IMG_8894,00:22.283
Mode,mode,..\Image_Output\DSC_0763.jpg,source\images\albums\mode\0193_DSC_0763.webp,,DSC_0763,00:22.400
Yardstick Metric,yardstick-metric,..\Image_Output\DSC_7077.jpg,source\images\albums\yardstick-metric\0194_DSC_7077.webp,,DSC_7077,00:22.517
Mode,mode,..\Image_Output\DSC_0689.jpg,source\images\albums\mode\0196_DSC_0689.webp,,DSC_0689,00:22.750
Intersection,intersection,..\Image_Output\DSC_1005.jpg,source\images\albums\intersection\0197_DSC_1005.webp,,DSC_1005,00:22.867
Yardstick Metric,yardstick-metric,..\Image_Output\DSC_8118-DxO_DeepPRIME XD2s_XD.jpg,source\images\albums\yardstick-metric\0198_DSC_8118-DxO_DeepPRIME XD2s_XD.webp,,DSC_8118-DxO_DeepPRIME XD2s_XD,00:22.983
Intersection,intersection,..\Image_Output\DSC_1016.jpg,source\images\albums\intersection\0199_DSC_1016.webp,,DSC_1016,00:23.100
Jacobi Matrix,jacobi-matrix,..\Image_Output\DSC_8415.jpg,source\images\albums\jacobi-matrix\0200_DSC_8415.webp,,DSC_8415,00:23.217
Monomial,monomial,..\Image_Output\DSC_9068.jpg,source\images\albums\monomial\0201_DSC_9068.webp,,DSC_9068,00:23.333
Intersection,intersection,..\Image_Output\20250830-DSC_9084.jpg,source\images\albums\intersection\0202_20250830-DSC_9084.webp,,20250830-DSC_9084,00:23.450
Yardstick Metric,yardstick-metric,..\Image_Output\DSC_8123-DxO_DeepPRIME XD2s_XD.jpg,source\images\albums\yardstick-metric\0203_DSC_8123-DxO_DeepPRIME XD2s_XD.webp,,DSC_8123-DxO_DeepPRIME XD2s_XD,00:23.567
Monomial,monomial,..\Image_Output\IMG_9413.jpg,source\images\albums\monomial\0204_IMG_9413.webp,,IMG_9413,00:23.683
Monomial,monomial,..\Image_Output\20250830-DSC_9106.jpg,source\images\albums\monomial\0207_20250830-DSC_9106.webp,,20250830-DSC_9106,00:24.033
Monomial,monomial,..\Image_Output\20250830-DSC_9099.jpg,source\images\albums\monomial\0208_20250830-DSC_9099.webp,,20250830-DSC_9099,00:24.150
Monomial,monomial,..\Image_Output\DSC_9751-DxO_DeepPRIME XD2s_XD.jpg,source\images\albums\monomial\0209_DSC_9751-DxO_DeepPRIME XD2s_XD.webp,,DSC_9751-DxO_DeepPRIME XD2s_XD,00:24.267
Intersection,intersection,..\Image_Output\IMG_9426.jpg,source\images\albums\intersection\0210_IMG_9426.webp,,IMG_9426,00:24.383
Intersection,intersection,..\Image_Output\20250830-DSC_9081.jpg,source\images\albums\intersection\0213_20250830-DSC_9081.webp,,20250830-DSC_9081,00:24.733
Monomial,monomial,..\Image_Output\DSC_9543-DxO_DeepPRIME XD2s_XD.jpg,source\images\albums\monomial\0215_DSC_9543-DxO_DeepPRIME XD2s_XD.webp,,DSC_9543-DxO_DeepPRIME XD2s_XD,00:24.967
Monomial,monomial,..\Image_Output\DSC_1021.jpg,source\images\albums\monomial\0217_DSC_1021.webp,,DSC_1021,00:25.200
Mode,mode,..\Image_Output\DSC_0058.jpg,source\images\albums\mode\0218_DSC_0058.webp,,DSC_0058,00:25.317
Mode,mode,..\Image_Output\DSC_0232.jpg,source\images\albums\mode\0219_DSC_0232.webp,,DSC_0232,00:25.433
Monomial,monomial,..\Image_Output\DSC_0767.jpg,source\images\albums\monomial\0221_DSC_0767.webp,,DSC_0767,00:25.667
Intersection,intersection,..\Image_Output\DSC_0769.jpg,source\images\albums\intersection\0222_DSC_0769.webp,,DSC_0769,00:25.783
Mode,mode,..\Image_Output\DSC_9702-DxO_DeepPRIME XD2s_XD.jpg,source\images\albums\mode\0223_DSC_9702-DxO_DeepPRIME XD2s_XD.webp,,DSC_9702-DxO_DeepPRIME XD2s_XD,00:25.900
Jacobi Matrix,jacobi-matrix,..\Image_Output\DSC_8109-DxO_DeepPRIME XD2s_XD.jpg,source\images\albums\jacobi-matrix\0225_DSC_8109-DxO_DeepPRIME XD2s_XD.webp,,DSC_8109-DxO_DeepPRIME XD2s_XD,00:26.133
Monomial,monomial,..\Image_Output\DSC_0737.jpg,source\images\albums\monomial\0226_DSC_0737.webp,,DSC_0737,00:26.250
Yardstick Metric,yardstick-metric,..\Image_Output\DSC_9414-DxO_DeepPRIME 3.jpg,source\images\albums\yardstick-metric\0227_DSC_9414-DxO_DeepPRIME 3.webp,,DSC_9414-DxO_DeepPRIME 3,00:26.367
Monomial,monomial,..\Image_Output\DSC_0768.jpg,source\images\albums\monomial\0228_DSC_0768.webp,,DSC_0768,00:26.483
Jacobi Matrix,jacobi-matrix,..\Image_Output\DSC_0168.jpg,source\images\albums\jacobi-matrix\0229_DSC_0168.webp,,DSC_0168,00:26.600
Intersection,intersection,..\Image_Output\DSC_0748.jpg,source\images\albums\intersection\0230_DSC_0748.webp,,DSC_0748,00:26.717
Intersection,intersection,..\Image_Output\DSC_0173.jpg,source\images\albums\intersection\0231_DSC_0173.webp,,DSC_0173,00:26.833
Jacobi Matrix,jacobi-matrix,..\Image_Output\DSC_0416.jpg,source\images\albums\jacobi-matrix\0232_DSC_0416.webp,,DSC_0416,00:26.950
Mode,mode,..\Image_Output\IMG_9288.jpg,source\images\albums\mode\0234_IMG_9288.webp,,IMG_9288,00:27.183
Intersection,intersection,..\Image_Output\DSC_8563.jpg,source\images\albums\intersection\0236_DSC_8563.webp,,DSC_8563,00:27.417
Jacobi Matrix,jacobi-matrix,..\Image_Output\IMG_9431.jpg,source\images\albums\jacobi-matrix\0237_IMG_9431.webp,,IMG_9431,00:27.533
Intersection,intersection,..\Image_Output\DSC_8469.jpg,source\images\albums\intersection\0238_DSC_8469.webp,,DSC_8469,00:27.650
Yardstick Metric,yardstick-metric,..\Image_Output\IMG_9343.jpg,source\images\albums\yardstick-metric\0239_IMG_9343.webp,,IMG_9343,00:27.767
Jacobi Matrix,jacobi-matrix,..\Image_Output\DSC_7076.jpg,source\images\albums\jacobi-matrix\0241_DSC_7076.webp,,DSC_7076,00:28.000
Mode,mode,..\Image_Output\DSC_7092.jpg,source\images\albums\mode\0242_DSC_7092.webp,,DSC_7092,00:28.117
Mode,mode,..\Image_Output\DSC_8559.jpg,source\images\albums\mode\0243_DSC_8559.webp,,DSC_8559,00:28.233
Intersection,intersection,..\Image_Output\DSC_8530.jpg,source\images\albums\intersection\0244_DSC_8530.webp,,DSC_8530,00:28.350
Mode,mode,..\Image_Output\DSC_7079.jpg,source\images\albums\mode\0245_DSC_7079.webp,,DSC_7079,00:28.467
Monomial,monomial,..\Image_Output\IMG_8890.jpg,source\images\albums\monomial\0248_IMG_8890.webp,,IMG_8890,00:28.817
Monomial,monomial,..\Image_Output\DSC_0701.jpg,source\images\albums\monomial\0249_DSC_0701.webp,,DSC_0701,00:28.933
Jacobi Matrix,jacobi-matrix,..\Image_Output\DSC_0993.jpg,source\images\albums\jacobi-matrix\0251_DSC_0993.webp,,DSC_0993,00:29.167
Mode,mode,..\Image_Output\IMG_9318.jpg,source\images\albums\mode\0254_IMG_9318.webp,,IMG_9318,00:29.517
Intersection,intersection,..\Image_Output\IMG_9330.jpg,source\images\albums\intersection\0255_IMG_9330.webp,,IMG_9330,00:29.633
Monomial,monomial,..\Image_Output\DSC_9442-DxO_DeepPRIME XD2s_XD.jpg,source\images\albums\monomial\0256_DSC_9442-DxO_DeepPRIME XD2s_XD.webp,,DSC_9442-DxO_DeepPRIME XD2s_XD,00:29.750
Mode,mode,..\Image_Output\DSC_8400.jpg,source\images\albums\mode\0257_DSC_8400.webp,,DSC_8400,00:29.867
Yardstick Metric,yardstick-metric,..\Image_Output\IMG_9382.jpg,source\images\albums\yardstick-metric\0258_IMG_9382.webp,,IMG_9382,00:29.983
Jacobi Matrix,jacobi-matrix,..\Image_Output\DSC_8409.jpg,source\images\albums\jacobi-matrix\0260_DSC_8409.webp,,DSC_8409,00:30.217
Intersection,intersection,..\Image_Output\DSC_8491.jpg,source\images\albums\intersection\0261_DSC_8491.webp,,DSC_8491,00:30.333
Magnitude,magnitude,..\Image_Output\DSC_8371.jpg,source\images\albums\magnitude\0262_DSC_8371.webp,,DSC_8371,00:30.450
Monomial,monomial,..\Image_Output\IMG_9313.jpg,source\images\albums\monomial\0263_IMG_9313.webp,,IMG_9313,00:30.567
Mode,mode,..\Image_Output\DSC_7135.jpg,source\images\albums\mode\0264_DSC_7135.webp,,DSC_7135,00:30.683
Monomial,monomial,..\Image_Output\IMG_9327.jpg,source\images\albums\monomial\0265_IMG_9327.webp,,IMG_9327,00:30.800
Monomial,monomial,..\Image_Output\DSC_1129.jpg,source\images\albums\monomial\0266_DSC_1129.webp,,DSC_1129,00:30.917
Jacobi Matrix,jacobi-matrix,..\Image_Output\DSC_0240.jpg,source\images\albums\jacobi-matrix\0267_DSC_0240.webp,,DSC_0240,00:31.033
Intersection,intersection,..\Image_Output\DSC_1125.jpg,source\images\albums\intersection\0269_DSC_1125.webp,,DSC_1125,00:31.267
Intersection,intersection,..\Image_Output\DSC_1086.jpg,source\images\albums\intersection\0271_DSC_1086.webp,,DSC_1086,00:31.500
Monomial,monomial,..\Image_Output\DSC_1130.jpg,source\images\albums\monomial\0272_DSC_1130.webp,,DSC_1130,00:31.617
