Index,Album,Folder,Original Photo,Source,Output,Original Size,Output Size
273,Magnitude,magnitude,DSC_1677.jpg,C:\Users\jimmy\Pictures\Image_Output\DSC_1677.jpg,C:\Users\jimmy\Pictures\BlogFile\source\images\albums\magnitude\0273_DSC_1677.webp,3010x5356,1151x2048
274,Intersection,intersection,DSC_1684.jpg,C:\Users\jimmy\Pictures\Image_Output\DSC_1684.jpg,C:\Users\jimmy\Pictures\BlogFile\source\images\albums\intersection\0274_DSC_1684.webp,7708x4332,2048x1151
275,Mode,mode,DSC_1690.jpg,C:\Users\jimmy\Pictures\Image_Output\DSC_1690.jpg,C:\Users\jimmy\Pictures\BlogFile\source\images\albums\mode\0275_DSC_1690.webp,7713x4335,2048x1151
276,Yardstick Metric,yardstick-metric,DSC_1995 - DSC_2008.jpg,C:\Users\jimmy\Pictures\Image_Output\DSC_1995 - DSC_2008.jpg,C:\Users\jimmy\Pictures\BlogFile\source\images\albums\yardstick-metric\0276_DSC_1995 - DSC_2008.webp,20905x4778,2048x468
277,Magnitude,magnitude,DSC_2410 - DSC_2418.jpg,C:\Users\jimmy\Pictures\Image_Output\DSC_2410 - DSC_2418.jpg,C:\Users\jimmy\Pictures\BlogFile\source\images\albums\magnitude\0277_DSC_2410 - DSC_2418.webp,9648x5461,2048x1159
278,Magnitude,magnitude,DSC_2346 - DSC_2353.jpg,C:\Users\jimmy\Pictures\Image_Output\DSC_2346 - DSC_2353.jpg,C:\Users\jimmy\Pictures\BlogFile\source\images\albums\magnitude\0278_DSC_2346 - DSC_2353.webp,12827x4412,2048x704
279,Jacobi Matrix,jacobi-matrix,DSC_2421 - DSC_2429.jpg,C:\Users\jimmy\Pictures\Image_Output\DSC_2421 - DSC_2429.jpg,C:\Users\jimmy\Pictures\BlogFile\source\images\albums\jacobi-matrix\0279_DSC_2421 - DSC_2429.webp,9855x5380,2048x1118
280,Intersection,intersection,DSC_2366 - DSC_2380.jpg,C:\Users\jimmy\Pictures\Image_Output\DSC_2366 - DSC_2380.jpg,C:\Users\jimmy\Pictures\BlogFile\source\images\albums\intersection\0280_DSC_2366 - DSC_2380.webp,18761x5671,2048x619
281,Jacobi Matrix,jacobi-matrix,DSC_1826.jpg,C:\Users\jimmy\Pictures\Image_Output\DSC_1826.jpg,C:\Users\jimmy\Pictures\BlogFile\source\images\albums\jacobi-matrix\0281_DSC_1826.webp,8256x4640,2048x1151
282,Jacobi Matrix,jacobi-matrix,DSC_1818.jpg,C:\Users\jimmy\Pictures\Image_Output\DSC_1818.jpg,C:\Users\jimmy\Pictures\BlogFile\source\images\albums\jacobi-matrix\0282_DSC_1818.webp,8256x4640,2048x1151
283,Intersection,intersection,DSC_1817.jpg,C:\Users\jimmy\Pictures\Image_Output\DSC_1817.jpg,C:\Users\jimmy\Pictures\BlogFile\source\images\albums\intersection\0283_DSC_1817.webp,7228x4062,2048x1151
284,Monomial,monomial,DSC_1855.jpg,C:\Users\jimmy\Pictures\Image_Output\DSC_1855.jpg,C:\Users\jimmy\Pictures\BlogFile\source\images\albums\monomial\0284_DSC_1855.webp,8256x4640,2048x1151
285,Monomial,monomial,DSC_1869.jpg,C:\Users\jimmy\Pictures\Image_Output\DSC_1869.jpg,C:\Users\jimmy\Pictures\BlogFile\source\images\albums\monomial\0285_DSC_1869.webp,8256x4640,2048x1151
286,Intersection,intersection,DSC_1870.jpg,C:\Users\jimmy\Pictures\Image_Output\DSC_1870.jpg,C:\Users\jimmy\Pictures\BlogFile\source\images\albums\intersection\0286_DSC_1870.webp,4640x8256,1151x2048
287,Monomial,monomial,DSC_1872.jpg,C:\Users\jimmy\Pictures\Image_Output\DSC_1872.jpg,C:\Users\jimmy\Pictures\BlogFile\source\images\albums\monomial\0287_DSC_1872.webp,8256x4640,2048x1151
288,Intersection,intersection,DSC_1875.jpg,C:\Users\jimmy\Pictures\Image_Output\DSC_1875.jpg,C:\Users\jimmy\Pictures\BlogFile\source\images\albums\intersection\0288_DSC_1875.webp,4161x7403,1151x2048
289,Mode,mode,DSC_1880.jpg,C:\Users\jimmy\Pictures\Image_Output\DSC_1880.jpg,C:\Users\jimmy\Pictures\BlogFile\source\images\albums\mode\0289_DSC_1880.webp,8108x3392,2048x857
290,Intersection,intersection,DSC_1887.jpg,C:\Users\jimmy\Pictures\Image_Output\DSC_1887.jpg,C:\Users\jimmy\Pictures\BlogFile\source\images\albums\intersection\0290_DSC_1887.webp,8256x4640,2048x1151
291,Monomial,monomial,DSC_1896.jpg,C:\Users\jimmy\Pictures\Image_Output\DSC_1896.jpg,C:\Users\jimmy\Pictures\BlogFile\source\images\albums\monomial\0291_DSC_1896.webp,8002x4497,2048x1151
292,Monomial,monomial,DSC_1897.jpg,C:\Users\jimmy\Pictures\Image_Output\DSC_1897.jpg,C:\Users\jimmy\Pictures\BlogFile\source\images\albums\monomial\0292_DSC_1897.webp,4232x7530,1151x2048
293,Yardstick Metric,yardstick-metric,DSC_1900.jpg,C:\Users\jimmy\Pictures\Image_Output\DSC_1900.jpg,C:\Users\jimmy\Pictures\BlogFile\source\images\albums\yardstick-metric\0293_DSC_1900.webp,4166x7413,1151x2048
294,Monomial,monomial,DSC_1921.jpg,C:\Users\jimmy\Pictures\Image_Output\DSC_1921.jpg,C:\Users\jimmy\Pictures\BlogFile\source\images\albums\monomial\0294_DSC_1921.webp,4640x8256,1151x2048
295,Monomial,monomial,DSC_1926.jpg,C:\Users\jimmy\Pictures\Image_Output\DSC_1926.jpg,C:\Users\jimmy\Pictures\BlogFile\source\images\albums\monomial\0295_DSC_1926.webp,4640x8256,1151x2048
296,Monomial,monomial,DSC_1927.jpg,C:\Users\jimmy\Pictures\Image_Output\DSC_1927.jpg,C:\Users\jimmy\Pictures\BlogFile\source\images\albums\monomial\0296_DSC_1927.webp,4558x8111,1151x2048
297,Yardstick Metric,yardstick-metric,DSC_1928.jpg,C:\Users\jimmy\Pictures\Image_Output\DSC_1928.jpg,C:\Users\jimmy\Pictures\BlogFile\source\images\albums\yardstick-metric\0297_DSC_1928.webp,8111x4558,2048x1151
298,Yardstick Metric,yardstick-metric,DSC_1935.jpg,C:\Users\jimmy\Pictures\Image_Output\DSC_1935.jpg,C:\Users\jimmy\Pictures\BlogFile\source\images\albums\yardstick-metric\0298_DSC_1935.webp,8112x4559,2048x1151
299,Intersection,intersection,DSC_1938.jpg,C:\Users\jimmy\Pictures\Image_Output\DSC_1938.jpg,C:\Users\jimmy\Pictures\BlogFile\source\images\albums\intersection\0299_DSC_1938.webp,8256x4640,2048x1151
300,Intersection,intersection,DSC_1947.jpg,C:\Users\jimmy\Pictures\Image_Output\DSC_1947.jpg,C:\Users\jimmy\Pictures\BlogFile\source\images\albums\intersection\0300_DSC_1947.webp,8256x4640,2048x1151
301,Intersection,intersection,DSC_1953.jpg,C:\Users\jimmy\Pictures\Image_Output\DSC_1953.jpg,C:\Users\jimmy\Pictures\BlogFile\source\images\albums\intersection\0301_DSC_1953.webp,8256x4640,2048x1151
302,Yardstick Metric,yardstick-metric,DSC_1972.jpg,C:\Users\jimmy\Pictures\Image_Output\DSC_1972.jpg,C:\Users\jimmy\Pictures\BlogFile\source\images\albums\yardstick-metric\0302_DSC_1972.webp,7939x4462,2048x1151
303,Intersection,intersection,DSC_2012.jpg,C:\Users\jimmy\Pictures\Image_Output\DSC_2012.jpg,C:\Users\jimmy\Pictures\BlogFile\source\images\albums\intersection\0303_DSC_2012.webp,4558x8111,1151x2048
304,Mode,mode,DSC_2026.jpg,C:\Users\jimmy\Pictures\Image_Output\DSC_2026.jpg,C:\Users\jimmy\Pictures\BlogFile\source\images\albums\mode\0304_DSC_2026.webp,4640x8256,1151x2048
305,Magnitude,magnitude,DSC_2029.jpg,C:\Users\jimmy\Pictures\Image_Output\DSC_2029.jpg,C:\Users\jimmy\Pictures\BlogFile\source\images\albums\magnitude\0305_DSC_2029.webp,4559x8111,1151x2048
306,Magnitude,magnitude,DSC_2039.jpg,C:\Users\jimmy\Pictures\Image_Output\DSC_2039.jpg,C:\Users\jimmy\Pictures\BlogFile\source\images\albums\magnitude\0306_DSC_2039.webp,8256x4640,2048x1151
307,Yardstick Metric,yardstick-metric,DSC_2051.jpg,C:\Users\jimmy\Pictures\Image_Output\DSC_2051.jpg,C:\Users\jimmy\Pictures\BlogFile\source\images\albums\yardstick-metric\0307_DSC_2051.webp,8087x4545,2048x1151
308,Monomial,monomial,DSC_2057.jpg,C:\Users\jimmy\Pictures\Image_Output\DSC_2057.jpg,C:\Users\jimmy\Pictures\BlogFile\source\images\albums\monomial\0308_DSC_2057.webp,4640x8256,1151x2048
309,Monomial,monomial,DSC_2063.jpg,C:\Users\jimmy\Pictures\Image_Output\DSC_2063.jpg,C:\Users\jimmy\Pictures\BlogFile\source\images\albums\monomial\0309_DSC_2063.webp,4383x7799,1151x2048
310,Intersection,intersection,DSC_2065.jpg,C:\Users\jimmy\Pictures\Image_Output\DSC_2065.jpg,C:\Users\jimmy\Pictures\BlogFile\source\images\albums\intersection\0310_DSC_2065.webp,4558x6078,1536x2048
311,Yardstick Metric,yardstick-metric,DSC_2069.jpg,C:\Users\jimmy\Pictures\Image_Output\DSC_2069.jpg,C:\Users\jimmy\Pictures\BlogFile\source\images\albums\yardstick-metric\0311_DSC_2069.webp,4559x8111,1151x2048
312,Monomial,monomial,DSC_2077.jpg,C:\Users\jimmy\Pictures\Image_Output\DSC_2077.jpg,C:\Users\jimmy\Pictures\BlogFile\source\images\albums\monomial\0312_DSC_2077.webp,4640x8256,1151x2048
313,Monomial,monomial,DSC_2084.jpg,C:\Users\jimmy\Pictures\Image_Output\DSC_2084.jpg,C:\Users\jimmy\Pictures\BlogFile\source\images\albums\monomial\0313_DSC_2084.webp,4640x8256,1151x2048
314,Magnitude,magnitude,DSC_2089.jpg,C:\Users\jimmy\Pictures\Image_Output\DSC_2089.jpg,C:\Users\jimmy\Pictures\BlogFile\source\images\albums\magnitude\0314_DSC_2089.webp,8256x4640,2048x1151
315,Monomial,monomial,DSC_2118.jpg,C:\Users\jimmy\Pictures\Image_Output\DSC_2118.jpg,C:\Users\jimmy\Pictures\BlogFile\source\images\albums\monomial\0315_DSC_2118.webp,8017x3354,2048x857
316,Jacobi Matrix,jacobi-matrix,DSC_2112.jpg,C:\Users\jimmy\Pictures\Image_Output\DSC_2112.jpg,C:\Users\jimmy\Pictures\BlogFile\source\images\albums\jacobi-matrix\0316_DSC_2112.webp,4385x7802,1151x2048
317,Intersection,intersection,DSC_2129.jpg,C:\Users\jimmy\Pictures\Image_Output\DSC_2129.jpg,C:\Users\jimmy\Pictures\BlogFile\source\images\albums\intersection\0317_DSC_2129.webp,8111x4558,2048x1151
318,Intersection,intersection,DSC_2135.jpg,C:\Users\jimmy\Pictures\Image_Output\DSC_2135.jpg,C:\Users\jimmy\Pictures\BlogFile\source\images\albums\intersection\0318_DSC_2135.webp,7686x4320,2048x1151
319,Yardstick Metric,yardstick-metric,DSC_2132.jpg,C:\Users\jimmy\Pictures\Image_Output\DSC_2132.jpg,C:\Users\jimmy\Pictures\BlogFile\source\images\albums\yardstick-metric\0319_DSC_2132.webp,8111x4558,2048x1151
320,Yardstick Metric,yardstick-metric,DSC_2131.jpg,C:\Users\jimmy\Pictures\Image_Output\DSC_2131.jpg,C:\Users\jimmy\Pictures\BlogFile\source\images\albums\yardstick-metric\0320_DSC_2131.webp,8111x4558,2048x1151
321,Mode,mode,DSC_2153.jpg,C:\Users\jimmy\Pictures\Image_Output\DSC_2153.jpg,C:\Users\jimmy\Pictures\BlogFile\source\images\albums\mode\0321_DSC_2153.webp,8048x3368,2048x857
322,Intersection,intersection,DSC_2140.jpg,C:\Users\jimmy\Pictures\Image_Output\DSC_2140.jpg,C:\Users\jimmy\Pictures\BlogFile\source\images\albums\intersection\0322_DSC_2140.webp,8111x4558,2048x1151
323,Intersection,intersection,DSC_2136.jpg,C:\Users\jimmy\Pictures\Image_Output\DSC_2136.jpg,C:\Users\jimmy\Pictures\BlogFile\source\images\albums\intersection\0323_DSC_2136.webp,8111x4558,2048x1151
324,Jacobi Matrix,jacobi-matrix,DSC_2164.jpg,C:\Users\jimmy\Pictures\Image_Output\DSC_2164.jpg,C:\Users\jimmy\Pictures\BlogFile\source\images\albums\jacobi-matrix\0324_DSC_2164.webp,7887x4432,2048x1151
325,Jacobi Matrix,jacobi-matrix,DSC_2161.jpg,C:\Users\jimmy\Pictures\Image_Output\DSC_2161.jpg,C:\Users\jimmy\Pictures\BlogFile\source\images\albums\jacobi-matrix\0325_DSC_2161.webp,4483x7977,1151x2048
326,Yardstick Metric,yardstick-metric,DSC_2154.jpg,C:\Users\jimmy\Pictures\Image_Output\DSC_2154.jpg,C:\Users\jimmy\Pictures\BlogFile\source\images\albums\yardstick-metric\0326_DSC_2154.webp,8123x4565,2048x1151
327,Monomial,monomial,DSC_2172.jpg,C:\Users\jimmy\Pictures\Image_Output\DSC_2172.jpg,C:\Users\jimmy\Pictures\BlogFile\source\images\albums\monomial\0327_DSC_2172.webp,7429x4175,2048x1151
328,Mode,mode,DSC_2177.jpg,C:\Users\jimmy\Pictures\Image_Output\DSC_2177.jpg,C:\Users\jimmy\Pictures\BlogFile\source\images\albums\mode\0328_DSC_2177.webp,7854x4414,2048x1151
329,Monomial,monomial,DSC_2191.jpg,C:\Users\jimmy\Pictures\Image_Output\DSC_2191.jpg,C:\Users\jimmy\Pictures\BlogFile\source\images\albums\monomial\0329_DSC_2191.webp,8111x4559,2048x1151
330,Yardstick Metric,yardstick-metric,DSC_2180.jpg,C:\Users\jimmy\Pictures\Image_Output\DSC_2180.jpg,C:\Users\jimmy\Pictures\BlogFile\source\images\albums\yardstick-metric\0330_DSC_2180.webp,8256x3454,2048x857
331,Mode,mode,DSC_2198.jpg,C:\Users\jimmy\Pictures\Image_Output\DSC_2198.jpg,C:\Users\jimmy\Pictures\BlogFile\source\images\albums\mode\0331_DSC_2198.webp,8256x3454,2048x857
332,Monomial,monomial,DSC_2199.jpg,C:\Users\jimmy\Pictures\Image_Output\DSC_2199.jpg,C:\Users\jimmy\Pictures\BlogFile\source\images\albums\monomial\0332_DSC_2199.webp,8111x4558,2048x1151
333,Mode,mode,DSC_2204.jpg,C:\Users\jimmy\Pictures\Image_Output\DSC_2204.jpg,C:\Users\jimmy\Pictures\BlogFile\source\images\albums\mode\0333_DSC_2204.webp,8256x4640,2048x1151
334,Mode,mode,DSC_2209.jpg,C:\Users\jimmy\Pictures\Image_Output\DSC_2209.jpg,C:\Users\jimmy\Pictures\BlogFile\source\images\albums\mode\0334_DSC_2209.webp,8256x4640,2048x1151
335,Yardstick Metric,yardstick-metric,DSC_2216.jpg,C:\Users\jimmy\Pictures\Image_Output\DSC_2216.jpg,C:\Users\jimmy\Pictures\BlogFile\source\images\albums\yardstick-metric\0335_DSC_2216.webp,8256x4640,2048x1151
336,Jacobi Matrix,jacobi-matrix,DSC_2232.jpg,C:\Users\jimmy\Pictures\Image_Output\DSC_2232.jpg,C:\Users\jimmy\Pictures\BlogFile\source\images\albums\jacobi-matrix\0336_DSC_2232.webp,8256x4640,2048x1151
337,Yardstick Metric,yardstick-metric,DSC_2233.jpg,C:\Users\jimmy\Pictures\Image_Output\DSC_2233.jpg,C:\Users\jimmy\Pictures\BlogFile\source\images\albums\yardstick-metric\0337_DSC_2233.webp,8111x4558,2048x1151
338,Magnitude,magnitude,DSC_2268.jpg,C:\Users\jimmy\Pictures\Image_Output\DSC_2268.jpg,C:\Users\jimmy\Pictures\BlogFile\source\images\albums\magnitude\0338_DSC_2268.webp,8256x4640,2048x1151
339,Yardstick Metric,yardstick-metric,DSC_2272.jpg,C:\Users\jimmy\Pictures\Image_Output\DSC_2272.jpg,C:\Users\jimmy\Pictures\BlogFile\source\images\albums\yardstick-metric\0339_DSC_2272.webp,4469x7952,1151x2048
340,Intersection,intersection,DSC_2286.jpg,C:\Users\jimmy\Pictures\Image_Output\DSC_2286.jpg,C:\Users\jimmy\Pictures\BlogFile\source\images\albums\intersection\0340_DSC_2286.webp,8256x4640,2048x1151
341,Magnitude,magnitude,DSC_2292.jpg,C:\Users\jimmy\Pictures\Image_Output\DSC_2292.jpg,C:\Users\jimmy\Pictures\BlogFile\source\images\albums\magnitude\0341_DSC_2292.webp,8693x3637,2048x857
342,Magnitude,magnitude,DSC_2306.jpg,C:\Users\jimmy\Pictures\Image_Output\DSC_2306.jpg,C:\Users\jimmy\Pictures\BlogFile\source\images\albums\magnitude\0342_DSC_2306.webp,4640x8256,1151x2048
343,Magnitude,magnitude,DSC_2314.jpg,C:\Users\jimmy\Pictures\Image_Output\DSC_2314.jpg,C:\Users\jimmy\Pictures\BlogFile\source\images\albums\magnitude\0343_DSC_2314.webp,8008x4500,2048x1151
344,Monomial,monomial,DSC_2315.jpg,C:\Users\jimmy\Pictures\Image_Output\DSC_2315.jpg,C:\Users\jimmy\Pictures\BlogFile\source\images\albums\monomial\0344_DSC_2315.webp,8256x4640,2048x1151
345,Intersection,intersection,DSC_2327.jpg,C:\Users\jimmy\Pictures\Image_Output\DSC_2327.jpg,C:\Users\jimmy\Pictures\BlogFile\source\images\albums\intersection\0345_DSC_2327.webp,7008x3938,2048x1151
346,Jacobi Matrix,jacobi-matrix,DSC_2322.jpg,C:\Users\jimmy\Pictures\Image_Output\DSC_2322.jpg,C:\Users\jimmy\Pictures\BlogFile\source\images\albums\jacobi-matrix\0346_DSC_2322.webp,4350x7739,1151x2048
347,Monomial,monomial,DSC_2438.jpg,C:\Users\jimmy\Pictures\Image_Output\DSC_2438.jpg,C:\Users\jimmy\Pictures\BlogFile\source\images\albums\monomial\0347_DSC_2438.webp,7785x4375,2048x1151
348,Monomial,monomial,DSC_2444.jpg,C:\Users\jimmy\Pictures\Image_Output\DSC_2444.jpg,C:\Users\jimmy\Pictures\BlogFile\source\images\albums\monomial\0348_DSC_2444.webp,8111x4558,2048x1151
349,Monomial,monomial,DSC_2441.jpg,C:\Users\jimmy\Pictures\Image_Output\DSC_2441.jpg,C:\Users\jimmy\Pictures\BlogFile\source\images\albums\monomial\0349_DSC_2441.webp,4395x7820,1151x2048
350,Monomial,monomial,DSC_2445.jpg,C:\Users\jimmy\Pictures\Image_Output\DSC_2445.jpg,C:\Users\jimmy\Pictures\BlogFile\source\images\albums\monomial\0350_DSC_2445.webp,4558x8111,1151x2048
351,Intersection,intersection,DSC_2461.jpg,C:\Users\jimmy\Pictures\Image_Output\DSC_2461.jpg,C:\Users\jimmy\Pictures\BlogFile\source\images\albums\intersection\0351_DSC_2461.webp,7703x3223,2048x857
352,Intersection,intersection,DSC_2458.jpg,C:\Users\jimmy\Pictures\Image_Output\DSC_2458.jpg,C:\Users\jimmy\Pictures\BlogFile\source\images\albums\intersection\0352_DSC_2458.webp,7703x3223,2048x857
353,Yardstick Metric,yardstick-metric,DSC_2476.jpg,C:\Users\jimmy\Pictures\Image_Output\DSC_2476.jpg,C:\Users\jimmy\Pictures\BlogFile\source\images\albums\yardstick-metric\0353_DSC_2476.webp,7866x4421,2048x1151
354,Intersection,intersection,DSC_2464.jpg,C:\Users\jimmy\Pictures\Image_Output\DSC_2464.jpg,C:\Users\jimmy\Pictures\BlogFile\source\images\albums\intersection\0354_DSC_2464.webp,7851x3285,2048x857
355,Intersection,intersection,DSC_2471.jpg,C:\Users\jimmy\Pictures\Image_Output\DSC_2471.jpg,C:\Users\jimmy\Pictures\BlogFile\source\images\albums\intersection\0355_DSC_2471.webp,8808x3686,2048x857
356,Jacobi Matrix,jacobi-matrix,DSC_2478.jpg,C:\Users\jimmy\Pictures\Image_Output\DSC_2478.jpg,C:\Users\jimmy\Pictures\BlogFile\source\images\albums\jacobi-matrix\0356_DSC_2478.webp,8256x4640,2048x1151
357,Mode,mode,stacked.jpg,C:\Users\jimmy\Pictures\Image_Output\stacked.jpg,C:\Users\jimmy\Pictures\BlogFile\source\images\albums\mode\0357_stacked.webp,8256x4640,2048x1151
358,Mode,mode,DSC_2519.jpg,C:\Users\jimmy\Pictures\Image_Output\DSC_2519.jpg,C:\Users\jimmy\Pictures\BlogFile\source\images\albums\mode\0358_DSC_2519.webp,8256x4640,2048x1151
359,Magnitude,magnitude,DSC_2663 - DSC_2674.tif,C:\Users\jimmy\Pictures\Image_Output\DSC_2663 - DSC_2674.tif,C:\Users\jimmy\Pictures\BlogFile\source\images\albums\magnitude\0359_DSC_2663 - DSC_2674.webp,12565x6783,2048x1106
360,Yardstick Metric,yardstick-metric,DSC_2528.jpg,C:\Users\jimmy\Pictures\Image_Output\DSC_2528.jpg,C:\Users\jimmy\Pictures\BlogFile\source\images\albums\yardstick-metric\0360_DSC_2528.webp,7862x4418,2048x1151
361,Intersection,intersection,DSC_2529.jpg,C:\Users\jimmy\Pictures\Image_Output\DSC_2529.jpg,C:\Users\jimmy\Pictures\BlogFile\source\images\albums\intersection\0361_DSC_2529.webp,7841x4407,2048x1151
362,Monomial,monomial,DSC_2533.jpg,C:\Users\jimmy\Pictures\Image_Output\DSC_2533.jpg,C:\Users\jimmy\Pictures\BlogFile\source\images\albums\monomial\0362_DSC_2533.webp,8111x4558,2048x1151
363,Monomial,monomial,DSC_2540.jpg,C:\Users\jimmy\Pictures\Image_Output\DSC_2540.jpg,C:\Users\jimmy\Pictures\BlogFile\source\images\albums\monomial\0363_DSC_2540.webp,8111x4558,2048x1151
364,Jacobi Matrix,jacobi-matrix,DSC_2553.jpg,C:\Users\jimmy\Pictures\Image_Output\DSC_2553.jpg,C:\Users\jimmy\Pictures\BlogFile\source\images\albums\jacobi-matrix\0364_DSC_2553.webp,8256x4640,2048x1151
365,Monomial,monomial,DSC_2565.jpg,C:\Users\jimmy\Pictures\Image_Output\DSC_2565.jpg,C:\Users\jimmy\Pictures\BlogFile\source\images\albums\monomial\0365_DSC_2565.webp,4640x8256,1151x2048
366,Intersection,intersection,DSC_2572.jpg,C:\Users\jimmy\Pictures\Image_Output\DSC_2572.jpg,C:\Users\jimmy\Pictures\BlogFile\source\images\albums\intersection\0366_DSC_2572.webp,8256x3454,2048x857
367,Intersection,intersection,DSC_2576.jpg,C:\Users\jimmy\Pictures\Image_Output\DSC_2576.jpg,C:\Users\jimmy\Pictures\BlogFile\source\images\albums\intersection\0367_DSC_2576.webp,8111x4558,2048x1151
368,Intersection,intersection,DSC_2627.jpg,C:\Users\jimmy\Pictures\Image_Output\DSC_2627.jpg,C:\Users\jimmy\Pictures\BlogFile\source\images\albums\intersection\0368_DSC_2627.webp,4640x8256,1151x2048
369,Jacobi Matrix,jacobi-matrix,DSC_2633.jpg,C:\Users\jimmy\Pictures\Image_Output\DSC_2633.jpg,C:\Users\jimmy\Pictures\BlogFile\source\images\albums\jacobi-matrix\0369_DSC_2633.webp,8256x4640,2048x1151
370,Mode,mode,DSC_2628.jpg,C:\Users\jimmy\Pictures\Image_Output\DSC_2628.jpg,C:\Users\jimmy\Pictures\BlogFile\source\images\albums\mode\0370_DSC_2628.webp,8256x4640,2048x1151
371,Jacobi Matrix,jacobi-matrix,DSC_2677.jpg,C:\Users\jimmy\Pictures\Image_Output\DSC_2677.jpg,C:\Users\jimmy\Pictures\BlogFile\source\images\albums\jacobi-matrix\0371_DSC_2677.webp,8256x4640,2048x1151
372,Magnitude,magnitude,DSC_2679.jpg,C:\Users\jimmy\Pictures\Image_Output\DSC_2679.jpg,C:\Users\jimmy\Pictures\BlogFile\source\images\albums\magnitude\0372_DSC_2679.webp,4640x8256,1151x2048
373,Monomial,monomial,DSC_2684.jpg,C:\Users\jimmy\Pictures\Image_Output\DSC_2684.jpg,C:\Users\jimmy\Pictures\BlogFile\source\images\albums\monomial\0373_DSC_2684.webp,8111x4558,2048x1151
374,Magnitude,magnitude,DSC_2693.jpg,C:\Users\jimmy\Pictures\Image_Output\DSC_2693.jpg,C:\Users\jimmy\Pictures\BlogFile\source\images\albums\magnitude\0374_DSC_2693.webp,4640x8256,1151x2048
375,Mode,mode,DSC_2703.jpg,C:\Users\jimmy\Pictures\Image_Output\DSC_2703.jpg,C:\Users\jimmy\Pictures\BlogFile\source\images\albums\mode\0375_DSC_2703.webp,8111x4558,2048x1151
376,Monomial,monomial,DSC_2704.jpg,C:\Users\jimmy\Pictures\Image_Output\DSC_2704.jpg,C:\Users\jimmy\Pictures\BlogFile\source\images\albums\monomial\0376_DSC_2704.webp,8111x4558,2048x1151
377,Monomial,monomial,DSC_2737.jpg,C:\Users\jimmy\Pictures\Image_Output\DSC_2737.jpg,C:\Users\jimmy\Pictures\BlogFile\source\images\albums\monomial\0377_DSC_2737.webp,8111x4558,2048x1151
378,Monomial,monomial,DSC_2740.jpg,C:\Users\jimmy\Pictures\Image_Output\DSC_2740.jpg,C:\Users\jimmy\Pictures\BlogFile\source\images\albums\monomial\0378_DSC_2740.webp,7340x4125,2048x1151
379,Intersection,intersection,DSC_2760.jpg,C:\Users\jimmy\Pictures\Image_Output\DSC_2760.jpg,C:\Users\jimmy\Pictures\BlogFile\source\images\albums\intersection\0379_DSC_2760.webp,8111x4558,2048x1151
380,Intersection,intersection,DSC_2761.jpg,C:\Users\jimmy\Pictures\Image_Output\DSC_2761.jpg,C:\Users\jimmy\Pictures\BlogFile\source\images\albums\intersection\0380_DSC_2761.webp,8111x4558,2048x1151
381,Yardstick Metric,yardstick-metric,DSC_2786.jpg,C:\Users\jimmy\Pictures\Image_Output\DSC_2786.jpg,C:\Users\jimmy\Pictures\BlogFile\source\images\albums\yardstick-metric\0381_DSC_2786.webp,8256x4640,2048x1151
382,Intersection,intersection,DSC_2807.jpg,C:\Users\jimmy\Pictures\Image_Output\DSC_2807.jpg,C:\Users\jimmy\Pictures\BlogFile\source\images\albums\intersection\0382_DSC_2807.webp,7973x3336,2048x857
383,Yardstick Metric,yardstick-metric,DSC_2801.jpg,C:\Users\jimmy\Pictures\Image_Output\DSC_2801.jpg,C:\Users\jimmy\Pictures\BlogFile\source\images\albums\yardstick-metric\0383_DSC_2801.webp,8111x4558,2048x1151
384,Monomial,monomial,DSC_2809.jpg,C:\Users\jimmy\Pictures\Image_Output\DSC_2809.jpg,C:\Users\jimmy\Pictures\BlogFile\source\images\albums\monomial\0384_DSC_2809.webp,8243x3449,2048x857
385,Yardstick Metric,yardstick-metric,DSC_2772 - DSC_2784.jpg,C:\Users\jimmy\Pictures\Image_Output\DSC_2772 - DSC_2784.jpg,C:\Users\jimmy\Pictures\BlogFile\source\images\albums\yardstick-metric\0385_DSC_2772 - DSC_2784.webp,11513x6501,2048x1156
386,Intersection,intersection,DSC_2708 - DSC_2719.jpg,C:\Users\jimmy\Pictures\Image_Output\DSC_2708 - DSC_2719.jpg,C:\Users\jimmy\Pictures\BlogFile\source\images\albums\intersection\0386_DSC_2708 - DSC_2719.webp,19439x4405,2048x464
387,Yardstick Metric,yardstick-metric,DSC_2582 - DSC_2599.jpg,C:\Users\jimmy\Pictures\Image_Output\DSC_2582 - DSC_2599.jpg,C:\Users\jimmy\Pictures\BlogFile\source\images\albums\yardstick-metric\0387_DSC_2582 - DSC_2599.webp,18461x6201,2048x688
388,Jacobi Matrix,jacobi-matrix,DSC_2638 - DSC_2653.jpg,C:\Users\jimmy\Pictures\Image_Output\DSC_2638 - DSC_2653.jpg,C:\Users\jimmy\Pictures\BlogFile\source\images\albums\jacobi-matrix\0388_DSC_2638 - DSC_2653.webp,13717x6541,2048x977
389,Yardstick Metric,yardstick-metric,DSC_1937.jpg,C:\Users\jimmy\Pictures\Image_Output\DSC_1937.jpg,C:\Users\jimmy\Pictures\BlogFile\source\images\albums\yardstick-metric\0389_DSC_1937.webp,4558x8111,1151x2048
390,Monomial,monomial,DSC_2862.jpg,C:\Users\jimmy\Pictures\Image_Output\DSC_2862.jpg,C:\Users\jimmy\Pictures\BlogFile\source\images\albums\monomial\0390_DSC_2862.webp,3429x1929,2048x1152
